event_id,layout_id,course_id,course_name,layout_name,n_holes,layout_par,layout_length_ft,hole,hole_label,par,length_ft
98155,750438,25819,Willow Park,Blue Tees,18,57,5288,1,1,3,190
98155,750438,25819,Willow Park,Blue Tees,18,57,5288,2,2,3,240
98155,750438,25819,Willow Park,Blue Tees,18,57,5288,3,3,3,271
98155,750438,25819,Willow Park,Blue Tees,18,57,5288,4,4,3,321
98155,750438,25819,Willow Park,Blue Tees,18,57,5288,5,5,3,334
98155,750438,25819,Willow Park,Blue Tees,18,57,5288,6,6,3,381
98155,750438,25819,Willow Park,Blue Tees,18,57,5288,7,7,3,330
98155,750438,25819,Willow Park,Blue Tees,18,57,5288,8,8,3,223
98155,750438,25819,Willow Park,Blue Tees,18,57,5288,9,9,3,441
98155,750438,25819,Willow Park,Blue Tees,18,57,5288,10,10,3,252
98155,750438,25819,Willow Park,Blue Tees,18,57,5288,11,11,3,210
98155,750438,25819,Willow Park,Blue Tees,18,57,5288,12,12,3,241
98155,750438,25819,Willow Park,Blue Tees,18,57,5288,13,13,3,245
98155,750438,25819,Willow Park,Blue Tees,18,57,5288,14,14,3,208
98155,750438,25819,Willow Park,Blue Tees,18,57,5288,15,15,4,386
98155,750438,25819,Willow Park,Blue Tees,18,57,5288,16,16,4,350
98155,750438,25819,Willow Park,Blue Tees,18,57,5288,17,17,4,363
98155,750438,25819,Willow Park,Blue Tees,18,57,5288,18,18,3,302
98155,750439,25819,Willow Park,Red Tees,18,57,4658,1,1,3,190
98155,750439,25819,Willow Park,Red Tees,18,57,4658,2,2,3,203
98155,750439,25819,Willow Park,Red Tees,18,57,4658,3,3,3,225
98155,750439,25819,Willow Park,Red Tees,18,57,4658,4,4,3,321
98155,750439,25819,Willow Park,Red Tees,18,57,4658,5,5,3,300
98155,750439,25819,Willow Park,Red Tees,18,57,4658,6,6,3,290
98155,750439,25819,Willow Park,Red Tees,18,57,4658,7,7,3,305
98155,750439,25819,Willow Park,Red Tees,18,57,4658,8,8,3,223
98155,750439,25819,Willow Park,Red Tees,18,57,4658,9,9,3,350
98155,750439,25819,Willow Park,Red Tees,18,57,4658,10,10,3,225
98155,750439,25819,Willow Park,Red Tees,18,57,4658,11,11,3,180
98155,750439,25819,Willow Park,Red Tees,18,57,4658,12,12,3,182
98155,750439,25819,Willow Park,Red Tees,18,57,4658,13,13,3,245
98155,750439,25819,Willow Park,Red Tees,18,57,4658,14,14,3,161
98155,750439,25819,Willow Park,Red Tees,18,57,4658,15,15,4,330
98155,750439,25819,Willow Park,Red Tees,18,57,4658,16,16,4,320
98155,750439,25819,Willow Park,Red Tees,18,57,4658,17,17,4,333
98155,750439,25819,Willow Park,Red Tees,18,57,4658,18,18,3,275
98155,757519,25819,Willow Park,Red Tees Rd2,18,57,4658,1,1,3,190
98155,757519,25819,Willow Park,Red Tees Rd2,18,57,4658,2,2,3,203
98155,757519,25819,Willow Park,Red Tees Rd2,18,57,4658,3,3,3,225
98155,757519,25819,Willow Park,Red Tees Rd2,18,57,4658,4,4,3,321
98155,757519,25819,Willow Park,Red Tees Rd2,18,57,4658,5,5,3,300
98155,757519,25819,Willow Park,Red Tees Rd2,18,57,4658,6,6,3,290
98155,757519,25819,Willow Park,Red Tees Rd2,18,57,4658,7,7,3,305
98155,757519,25819,Willow Park,Red Tees Rd2,18,57,4658,8,8,3,223
98155,757519,25819,Willow Park,Red Tees Rd2,18,57,4658,9,9,3,350
98155,757519,25819,Willow Park,Red Tees Rd2,18,57,4658,10,10,3,225
98155,757519,25819,Willow Park,Red Tees Rd2,18,57,4658,11,11,3,180
98155,757519,25819,Willow Park,Red Tees Rd2,18,57,4658,12,12,3,182
98155,757519,25819,Willow Park,Red Tees Rd2,18,57,4658,13,13,3,245
98155,757519,25819,Willow Park,Red Tees Rd2,18,57,4658,14,14,3,161
98155,757519,25819,Willow Park,Red Tees Rd2,18,57,4658,15,15,4,330
98155,757519,25819,Willow Park,Red Tees Rd2,18,57,4658,16,16,4,320
98155,757519,25819,Willow Park,Red Tees Rd2,18,57,4658,17,17,4,333
98155,757519,25819,Willow Park,Red Tees Rd2,18,57,4658,18,18,3,275
98155,757520,25819,Willow Park,Blue Tees Rd2,18,57,5288,1,1,3,190
98155,757520,25819,Willow Park,Blue Tees Rd2,18,57,5288,2,2,3,240
98155,757520,25819,Willow Park,Blue Tees Rd2,18,57,5288,3,3,3,271
98155,757520,25819,Willow Park,Blue Tees Rd2,18,57,5288,4,4,3,321
98155,757520,25819,Willow Park,Blue Tees Rd2,18,57,5288,5,5,3,334
98155,757520,25819,Willow Park,Blue Tees Rd2,18,57,5288,6,6,3,381
98155,757520,25819,Willow Park,Blue Tees Rd2,18,57,5288,7,7,3,330
98155,757520,25819,Willow Park,Blue Tees Rd2,18,57,5288,8,8,3,223
98155,757520,25819,Willow Park,Blue Tees Rd2,18,57,5288,9,9,3,441
98155,757520,25819,Willow Park,Blue Tees Rd2,18,57,5288,10,10,3,252
98155,757520,25819,Willow Park,Blue Tees Rd2,18,57,5288,11,11,3,210
98155,757520,25819,Willow Park,Blue Tees Rd2,18,57,5288,12,12,3,241
98155,757520,25819,Willow Park,Blue Tees Rd2,18,57,5288,13,13,3,245
98155,757520,25819,Willow Park,Blue Tees Rd2,18,57,5288,14,14,3,208
98155,757520,25819,Willow Park,Blue Tees Rd2,18,57,5288,15,15,4,386
98155,757520,25819,Willow Park,Blue Tees Rd2,18,57,5288,16,16,4,350
98155,757520,25819,Willow Park,Blue Tees Rd2,18,57,5288,17,17,4,363
98155,757520,25819,Willow Park,Blue Tees Rd2,18,57,5288,18,18,3,302
98157,750549,,,Default Layout,18,54,,1,1,3,
98157,750549,,,Default Layout,18,54,,2,2,3,
98157,750549,,,Default Layout,18,54,,3,3,3,
98157,750549,,,Default Layout,18,54,,4,4,3,
98157,750549,,,Default Layout,18,54,,5,5,3,
98157,750549,,,Default Layout,18,54,,6,6,3,
98157,750549,,,Default Layout,18,54,,7,7,3,
98157,750549,,,Default Layout,18,54,,8,8,3,
98157,750549,,,Default Layout,18,54,,9,9,3,
98157,750549,,,Default Layout,18,54,,10,10,3,
98157,750549,,,Default Layout,18,54,,11,11,3,
98157,750549,,,Default Layout,18,54,,12,12,3,
98157,750549,,,Default Layout,18,54,,13,13,3,
98157,750549,,,Default Layout,18,54,,14,14,3,
98157,750549,,,Default Layout,18,54,,15,15,3,
98157,750549,,,Default Layout,18,54,,16,16,3,
98157,750549,,,Default Layout,18,54,,17,17,3,
98157,750549,,,Default Layout,18,54,,18,18,3,
98157,754434,203006,Pittsford Disc Golf Course,White tees (long tees),18,60,4705,1,1,3,190
98157,754434,203006,Pittsford Disc Golf Course,White tees (long tees),18,60,4705,2,2,3,187
98157,754434,203006,Pittsford Disc Golf Course,White tees (long tees),18,60,4705,3,3,3,186
98157,754434,203006,Pittsford Disc Golf Course,White tees (long tees),18,60,4705,4,4,3,209
98157,754434,203006,Pittsford Disc Golf Course,White tees (long tees),18,60,4705,5,5,4,279
98157,754434,203006,Pittsford Disc Golf Course,White tees (long tees),18,60,4705,6,6,3,220
98157,754434,203006,Pittsford Disc Golf Course,White tees (long tees),18,60,4705,7,7,4,318
98157,754434,203006,Pittsford Disc Golf Course,White tees (long tees),18,60,4705,8,8,4,420
98157,754434,203006,Pittsford Disc Golf Course,White tees (long tees),18,60,4705,9,9,3,287
98157,754434,203006,Pittsford Disc Golf Course,White tees (long tees),18,60,4705,10,10,3,209
98157,754434,203006,Pittsford Disc Golf Course,White tees (long tees),18,60,4705,11,11,3,200
98157,754434,203006,Pittsford Disc Golf Course,White tees (long tees),18,60,4705,12,12,3,193
98157,754434,203006,Pittsford Disc Golf Course,White tees (long tees),18,60,4705,13,13,4,358
98157,754434,203006,Pittsford Disc Golf Course,White tees (long tees),18,60,4705,14,14,4,293
98157,754434,203006,Pittsford Disc Golf Course,White tees (long tees),18,60,4705,15,15,3,235
98157,754434,203006,Pittsford Disc Golf Course,White tees (long tees),18,60,4705,16,16,3,222
98157,754434,203006,Pittsford Disc Golf Course,White tees (long tees),18,60,4705,17,17,3,227
98157,754434,203006,Pittsford Disc Golf Course,White tees (long tees),18,60,4705,18,18,4,472
98161,756640,25746,White River Disc Golf Course,Blue tees,18,54,4012,1,1,3,186
98161,756640,25746,White River Disc Golf Course,Blue tees,18,54,4012,2,2,3,185
98161,756640,25746,White River Disc Golf Course,Blue tees,18,54,4012,3,3,3,300
98161,756640,25746,White River Disc Golf Course,Blue tees,18,54,4012,4,4,3,157
98161,756640,25746,White River Disc Golf Course,Blue tees,18,54,4012,5,5,3,220
98161,756640,25746,White River Disc Golf Course,Blue tees,18,54,4012,6,6,3,297
98161,756640,25746,White River Disc Golf Course,Blue tees,18,54,4012,7,7,3,138
98161,756640,25746,White River Disc Golf Course,Blue tees,18,54,4012,8,8,3,315
98161,756640,25746,White River Disc Golf Course,Blue tees,18,54,4012,9,9,3,190
98161,756640,25746,White River Disc Golf Course,Blue tees,18,54,4012,10,10,3,228
98161,756640,25746,White River Disc Golf Course,Blue tees,18,54,4012,11,11,3,276
98161,756640,25746,White River Disc Golf Course,Blue tees,18,54,4012,12,12,3,159
98161,756640,25746,White River Disc Golf Course,Blue tees,18,54,4012,13,13,3,233
98161,756640,25746,White River Disc Golf Course,Blue tees,18,54,4012,14,14,3,227
98161,756640,25746,White River Disc Golf Course,Blue tees,18,54,4012,15,15,3,200
98161,756640,25746,White River Disc Golf Course,Blue tees,18,54,4012,16,16,3,126
98161,756640,25746,White River Disc Golf Course,Blue tees,18,54,4012,17,17,3,294
98161,756640,25746,White River Disc Golf Course,Blue tees,18,54,4012,18,18,3,281
98161,756641,25746,White River Disc Golf Course,Red tees,18,54,2525,1,1,3,120
98161,756641,25746,White River Disc Golf Course,Red tees,18,54,2525,2,2,3,114
98161,756641,25746,White River Disc Golf Course,Red tees,18,54,2525,3,3,3,190
98161,756641,25746,White River Disc Golf Course,Red tees,18,54,2525,4,4,3,115
98161,756641,25746,White River Disc Golf Course,Red tees,18,54,2525,5,5,3,125
98161,756641,25746,White River Disc Golf Course,Red tees,18,54,2525,6,6,3,135
98161,756641,25746,White River Disc Golf Course,Red tees,18,54,2525,7,7,3,135
98161,756641,25746,White River Disc Golf Course,Red tees,18,54,2525,8,8,3,175
98161,756641,25746,White River Disc Golf Course,Red tees,18,54,2525,9,9,3,185
98161,756641,25746,White River Disc Golf Course,Red tees,18,54,2525,10,10,3,145
98161,756641,25746,White River Disc Golf Course,Red tees,18,54,2525,11,11,3,90
98161,756641,25746,White River Disc Golf Course,Red tees,18,54,2525,12,12,3,91
98161,756641,25746,White River Disc Golf Course,Red tees,18,54,2525,13,13,3,125
98161,756641,25746,White River Disc Golf Course,Red tees,18,54,2525,14,14,3,100
98161,756641,25746,White River Disc Golf Course,Red tees,18,54,2525,15,15,3,155
98161,756641,25746,White River Disc Golf Course,Red tees,18,54,2525,16,16,3,135
98161,756641,25746,White River Disc Golf Course,Red tees,18,54,2525,17,17,3,220
98161,756641,25746,White River Disc Golf Course,Red tees,18,54,2525,18,18,3,170
98162,757634,200541,The Quarries Disc Golf ,Blue Tees,18,61,5591,1,1,3,226
98162,757634,200541,The Quarries Disc Golf ,Blue Tees,18,61,5591,2,2,3,223
98162,757634,200541,The Quarries Disc Golf ,Blue Tees,18,61,5591,3,3,3,253
98162,757634,200541,The Quarries Disc Golf ,Blue Tees,18,61,5591,4,4,3,194
98162,757634,200541,The Quarries Disc Golf ,Blue Tees,18,61,5591,5,5,3,200
98162,757634,200541,The Quarries Disc Golf ,Blue Tees,18,61,5591,6,6,3,315
98162,757634,200541,The Quarries Disc Golf ,Blue Tees,18,61,5591,7,7,4,390
98162,757634,200541,The Quarries Disc Golf ,Blue Tees,18,61,5591,8,8,4,430
98162,757634,200541,The Quarries Disc Golf ,Blue Tees,18,61,5591,9,9,5,594
98162,757634,200541,The Quarries Disc Golf ,Blue Tees,18,61,5591,10,10,4,305
98162,757634,200541,The Quarries Disc Golf ,Blue Tees,18,61,5591,11,11,3,259
98162,757634,200541,The Quarries Disc Golf ,Blue Tees,18,61,5591,12,12,3,177
98162,757634,200541,The Quarries Disc Golf ,Blue Tees,18,61,5591,13,13,3,335
98162,757634,200541,The Quarries Disc Golf ,Blue Tees,18,61,5591,14,14,4,322
98162,757634,200541,The Quarries Disc Golf ,Blue Tees,18,61,5591,15,15,3,354
98162,757634,200541,The Quarries Disc Golf ,Blue Tees,18,61,5591,16,16,4,476
98162,757634,200541,The Quarries Disc Golf ,Blue Tees,18,61,5591,17,17,3,259
98162,757634,200541,The Quarries Disc Golf ,Blue Tees,18,61,5591,18,18,3,279
98162,757637,200541,The Quarries Disc Golf ,White Tees,18,61,4518,1,1,3,187
98162,757637,200541,The Quarries Disc Golf ,White Tees,18,61,4518,2,2,3,200
98162,757637,200541,The Quarries Disc Golf ,White Tees,18,61,4518,3,3,3,220
98162,757637,200541,The Quarries Disc Golf ,White Tees,18,61,4518,4,4,3,141
98162,757637,200541,The Quarries Disc Golf ,White Tees,18,61,4518,5,5,3,72
98162,757637,200541,The Quarries Disc Golf ,White Tees,18,61,4518,6,6,3,253
98162,757637,200541,The Quarries Disc Golf ,White Tees,18,61,4518,7,7,4,364
98162,757637,200541,The Quarries Disc Golf ,White Tees,18,61,4518,8,8,4,381
98162,757637,200541,The Quarries Disc Golf ,White Tees,18,61,4518,9,9,5,430
98162,757637,200541,The Quarries Disc Golf ,White Tees,18,61,4518,10,10,4,299
98162,757637,200541,The Quarries Disc Golf ,White Tees,18,61,4518,11,11,3,220
98162,757637,200541,The Quarries Disc Golf ,White Tees,18,61,4518,12,12,3,177
98162,757637,200541,The Quarries Disc Golf ,White Tees,18,61,4518,13,13,3,203
98162,757637,200541,The Quarries Disc Golf ,White Tees,18,61,4518,14,14,4,249
98162,757637,200541,The Quarries Disc Golf ,White Tees,18,61,4518,15,15,3,315
98162,757637,200541,The Quarries Disc Golf ,White Tees,18,61,4518,16,16,4,387
98162,757637,200541,The Quarries Disc Golf ,White Tees,18,61,4518,17,17,3,187
98162,757637,200541,The Quarries Disc Golf ,White Tees,18,61,4518,18,18,3,233
98220,757632,,,Default Layout,18,54,,1,1,3,
98220,757632,,,Default Layout,18,54,,2,2,3,
98220,757632,,,Default Layout,18,54,,3,3,3,
98220,757632,,,Default Layout,18,54,,4,4,3,
98220,757632,,,Default Layout,18,54,,5,5,3,
98220,757632,,,Default Layout,18,54,,6,6,3,
98220,757632,,,Default Layout,18,54,,7,7,3,
98220,757632,,,Default Layout,18,54,,8,8,3,
98220,757632,,,Default Layout,18,54,,9,9,3,
98220,757632,,,Default Layout,18,54,,10,10,3,
98220,757632,,,Default Layout,18,54,,11,11,3,
98220,757632,,,Default Layout,18,54,,12,12,3,
98220,757632,,,Default Layout,18,54,,13,13,3,
98220,757632,,,Default Layout,18,54,,14,14,3,
98220,757632,,,Default Layout,18,54,,15,15,3,
98220,757632,,,Default Layout,18,54,,16,16,3,
98220,757632,,,Default Layout,18,54,,17,17,3,
98220,757632,,,Default Layout,18,54,,18,18,3,
98220,761093,306756,Big Rock @ Murray Hill,Big Rock Blue tees,18,66,7398,1,1,4,458
98220,761093,306756,Big Rock @ Murray Hill,Big Rock Blue tees,18,66,7398,2,2,3,331
98220,761093,306756,Big Rock @ Murray Hill,Big Rock Blue tees,18,66,7398,3,3,4,397
98220,761093,306756,Big Rock @ Murray Hill,Big Rock Blue tees,18,66,7398,4,4,5,708
98220,761093,306756,Big Rock @ Murray Hill,Big Rock Blue tees,18,66,7398,5,5,4,416
98220,761093,306756,Big Rock @ Murray Hill,Big Rock Blue tees,18,66,7398,6,6,4,389
98220,761093,306756,Big Rock @ Murray Hill,Big Rock Blue tees,18,66,7398,7,7,3,285
98220,761093,306756,Big Rock @ Murray Hill,Big Rock Blue tees,18,66,7398,8,8,5,620
98220,761093,306756,Big Rock @ Murray Hill,Big Rock Blue tees,18,66,7398,9,9,3,321
98220,761093,306756,Big Rock @ Murray Hill,Big Rock Blue tees,18,66,7398,10,10,4,350
98220,761093,306756,Big Rock @ Murray Hill,Big Rock Blue tees,18,66,7398,11,11,4,574
98220,761093,306756,Big Rock @ Murray Hill,Big Rock Blue tees,18,66,7398,12,12,3,250
98220,761093,306756,Big Rock @ Murray Hill,Big Rock Blue tees,18,66,7398,13,13,4,380
98220,761093,306756,Big Rock @ Murray Hill,Big Rock Blue tees,18,66,7398,14,14,3,420
98220,761093,306756,Big Rock @ Murray Hill,Big Rock Blue tees,18,66,7398,15,15,4,526
98220,761093,306756,Big Rock @ Murray Hill,Big Rock Blue tees,18,66,7398,16,16,3,220
98220,761093,306756,Big Rock @ Murray Hill,Big Rock Blue tees,18,66,7398,17,17,3,380
98220,761093,306756,Big Rock @ Murray Hill,Big Rock Blue tees,18,66,7398,18,18,3,373
98220,761171,306756,Big Rock @ Murray Hill,Big Rock Gold tees,18,67,8321,1,1,4,458
98220,761171,306756,Big Rock @ Murray Hill,Big Rock Gold tees,18,67,8321,2,2,3,409
98220,761171,306756,Big Rock @ Murray Hill,Big Rock Gold tees,18,67,8321,3,3,4,397
98220,761171,306756,Big Rock @ Murray Hill,Big Rock Gold tees,18,67,8321,4,4,5,830
98220,761171,306756,Big Rock @ Murray Hill,Big Rock Gold tees,18,67,8321,5,5,4,416
98220,761171,306756,Big Rock @ Murray Hill,Big Rock Gold tees,18,67,8321,6,6,4,502
98220,761171,306756,Big Rock @ Murray Hill,Big Rock Gold tees,18,67,8321,7,7,3,297
98220,761171,306756,Big Rock @ Murray Hill,Big Rock Gold tees,18,67,8321,8,8,5,620
98220,761171,306756,Big Rock @ Murray Hill,Big Rock Gold tees,18,67,8321,9,9,3,348
98220,761171,306756,Big Rock @ Murray Hill,Big Rock Gold tees,18,67,8321,10,10,4,423
98220,761171,306756,Big Rock @ Murray Hill,Big Rock Gold tees,18,67,8321,11,11,4,574
98220,761171,306756,Big Rock @ Murray Hill,Big Rock Gold tees,18,67,8321,12,12,3,289
98220,761171,306756,Big Rock @ Murray Hill,Big Rock Gold tees,18,67,8321,13,13,4,446
98220,761171,306756,Big Rock @ Murray Hill,Big Rock Gold tees,18,67,8321,14,14,3,420
98220,761171,306756,Big Rock @ Murray Hill,Big Rock Gold tees,18,67,8321,15,15,4,526
98220,761171,306756,Big Rock @ Murray Hill,Big Rock Gold tees,18,67,8321,16,16,3,259
98220,761171,306756,Big Rock @ Murray Hill,Big Rock Gold tees,18,67,8321,17,17,3,487
98220,761171,306756,Big Rock @ Murray Hill,Big Rock Gold tees,18,67,8321,18,18,4,620
98220,761173,306756,Big Rock @ Murray Hill,Big Rock white tees,18,60,5186,1,1,3,279
98220,761173,306756,Big Rock @ Murray Hill,Big Rock white tees,18,60,5186,2,2,3,266
98220,761173,306756,Big Rock @ Murray Hill,Big Rock white tees,18,60,5186,3,3,3,232
98220,761173,306756,Big Rock @ Murray Hill,Big Rock white tees,18,60,5186,4,4,5,651
98220,761173,306756,Big Rock @ Murray Hill,Big Rock white tees,18,60,5186,5,5,4,286
98220,761173,306756,Big Rock @ Murray Hill,Big Rock white tees,18,60,5186,6,6,3,241
98220,761173,306756,Big Rock @ Murray Hill,Big Rock white tees,18,60,5186,7,7,3,224
98220,761173,306756,Big Rock @ Murray Hill,Big Rock white tees,18,60,5186,8,8,4,389
98220,761173,306756,Big Rock @ Murray Hill,Big Rock white tees,18,60,5186,9,9,3,252
98220,761173,306756,Big Rock @ Murray Hill,Big Rock white tees,18,60,5186,10,10,3,239
98220,761173,306756,Big Rock @ Murray Hill,Big Rock white tees,18,60,5186,11,11,4,287
98220,761173,306756,Big Rock @ Murray Hill,Big Rock white tees,18,60,5186,12,12,3,171
98220,761173,306756,Big Rock @ Murray Hill,Big Rock white tees,18,60,5186,13,13,4,312
98220,761173,306756,Big Rock @ Murray Hill,Big Rock white tees,18,60,5186,14,14,3,309
98220,761173,306756,Big Rock @ Murray Hill,Big Rock white tees,18,60,5186,15,15,3,286
98220,761173,306756,Big Rock @ Murray Hill,Big Rock white tees,18,60,5186,16,16,3,156
98220,761173,306756,Big Rock @ Murray Hill,Big Rock white tees,18,60,5186,17,17,3,287
98220,761173,306756,Big Rock @ Murray Hill,Big Rock white tees,18,60,5186,18,18,3,319
98220,761970,306756,Big Rock @ Murray Hill,Big Rock @ Murray Hill Red tees,18,58,3123,1,1,3,172
98220,761970,306756,Big Rock @ Murray Hill,Big Rock @ Murray Hill Red tees,18,58,3123,2,2,3,186
98220,761970,306756,Big Rock @ Murray Hill,Big Rock @ Murray Hill Red tees,18,58,3123,3,3,3,143
98220,761970,306756,Big Rock @ Murray Hill,Big Rock @ Murray Hill Red tees,18,58,3123,4,4,4,282
98220,761970,306756,Big Rock @ Murray Hill,Big Rock @ Murray Hill Red tees,18,58,3123,5,5,3,175
98220,761970,306756,Big Rock @ Murray Hill,Big Rock @ Murray Hill Red tees,18,58,3123,6,6,3,210
98220,761970,306756,Big Rock @ Murray Hill,Big Rock @ Murray Hill Red tees,18,58,3123,7,7,3,140
98220,761970,306756,Big Rock @ Murray Hill,Big Rock @ Murray Hill Red tees,18,58,3123,8,8,4,290
98220,761970,306756,Big Rock @ Murray Hill,Big Rock @ Murray Hill Red tees,18,58,3123,9,9,3,132
98220,761970,306756,Big Rock @ Murray Hill,Big Rock @ Murray Hill Red tees,18,58,3123,10,10,3,136
98220,761970,306756,Big Rock @ Murray Hill,Big Rock @ Murray Hill Red tees,18,58,3123,11,11,4,217
98220,761970,306756,Big Rock @ Murray Hill,Big Rock @ Murray Hill Red tees,18,58,3123,12,12,3,120
98220,761970,306756,Big Rock @ Murray Hill,Big Rock @ Murray Hill Red tees,18,58,3123,13,13,4,220
98220,761970,306756,Big Rock @ Murray Hill,Big Rock @ Murray Hill Red tees,18,58,3123,14,14,3,145
98220,761970,306756,Big Rock @ Murray Hill,Big Rock @ Murray Hill Red tees,18,58,3123,15,15,3,140
98220,761970,306756,Big Rock @ Murray Hill,Big Rock @ Murray Hill Red tees,18,58,3123,16,16,3,115
98220,761970,306756,Big Rock @ Murray Hill,Big Rock @ Murray Hill Red tees,18,58,3123,17,17,3,195
98220,761970,306756,Big Rock @ Murray Hill,Big Rock @ Murray Hill Red tees,18,58,3123,18,18,3,105
97998,763678,26694,Smugglers Notch Disc Golf Center - Brewster Ridge,2025  Brewster Gold ,18,62,8555,1,1,3,320
97998,763678,26694,Smugglers Notch Disc Golf Center - Brewster Ridge,2025  Brewster Gold ,18,62,8555,2,2,4,550
97998,763678,26694,Smugglers Notch Disc Golf Center - Brewster Ridge,2025  Brewster Gold ,18,62,8555,3,3,3,320
97998,763678,26694,Smugglers Notch Disc Golf Center - Brewster Ridge,2025  Brewster Gold ,18,62,8555,4,4,4,550
97998,763678,26694,Smugglers Notch Disc Golf Center - Brewster Ridge,2025  Brewster Gold ,18,62,8555,5,5,3,305
97998,763678,26694,Smugglers Notch Disc Golf Center - Brewster Ridge,2025  Brewster Gold ,18,62,8555,6,6,3,345
97998,763678,26694,Smugglers Notch Disc Golf Center - Brewster Ridge,2025  Brewster Gold ,18,62,8555,7,7,4,575
97998,763678,26694,Smugglers Notch Disc Golf Center - Brewster Ridge,2025  Brewster Gold ,18,62,8555,8,8,5,830
97998,763678,26694,Smugglers Notch Disc Golf Center - Brewster Ridge,2025  Brewster Gold ,18,62,8555,9,9,3,375
97998,763678,26694,Smugglers Notch Disc Golf Center - Brewster Ridge,2025  Brewster Gold ,18,62,8555,10,10,3,475
97998,763678,26694,Smugglers Notch Disc Golf Center - Brewster Ridge,2025  Brewster Gold ,18,62,8555,11,11,4,620
97998,763678,26694,Smugglers Notch Disc Golf Center - Brewster Ridge,2025  Brewster Gold ,18,62,8555,12,12,3,430
97998,763678,26694,Smugglers Notch Disc Golf Center - Brewster Ridge,2025  Brewster Gold ,18,62,8555,13,13,4,570
97998,763678,26694,Smugglers Notch Disc Golf Center - Brewster Ridge,2025  Brewster Gold ,18,62,8555,14,14,3,355
97998,763678,26694,Smugglers Notch Disc Golf Center - Brewster Ridge,2025  Brewster Gold ,18,62,8555,15,15,3,410
97998,763678,26694,Smugglers Notch Disc Golf Center - Brewster Ridge,2025  Brewster Gold ,18,62,8555,16,16,3,410
97998,763678,26694,Smugglers Notch Disc Golf Center - Brewster Ridge,2025  Brewster Gold ,18,62,8555,17,17,4,715
97998,763678,26694,Smugglers Notch Disc Golf Center - Brewster Ridge,2025  Brewster Gold ,18,62,8555,18,18,3,400
97998,763679,26694,Smugglers Notch Disc Golf Center - Brewster Ridge,2025  Brewster Blue,18,62,6975,1,1,3,240
97998,763679,26694,Smugglers Notch Disc Golf Center - Brewster Ridge,2025  Brewster Blue,18,62,6975,2,2,4,450
97998,763679,26694,Smugglers Notch Disc Golf Center - Brewster Ridge,2025  Brewster Blue,18,62,6975,3,3,3,285
97998,763679,26694,Smugglers Notch Disc Golf Center - Brewster Ridge,2025  Brewster Blue,18,62,6975,4,4,4,420
97998,763679,26694,Smugglers Notch Disc Golf Center - Brewster Ridge,2025  Brewster Blue,18,62,6975,5,5,3,305
97998,763679,26694,Smugglers Notch Disc Golf Center - Brewster Ridge,2025  Brewster Blue,18,62,6975,6,6,3,290
97998,763679,26694,Smugglers Notch Disc Golf Center - Brewster Ridge,2025  Brewster Blue,18,62,6975,7,7,4,520
97998,763679,26694,Smugglers Notch Disc Golf Center - Brewster Ridge,2025  Brewster Blue,18,62,6975,8,8,5,705
97998,763679,26694,Smugglers Notch Disc Golf Center - Brewster Ridge,2025  Brewster Blue,18,62,6975,9,9,3,310
97998,763679,26694,Smugglers Notch Disc Golf Center - Brewster Ridge,2025  Brewster Blue,18,62,6975,10,10,3,410
97998,763679,26694,Smugglers Notch Disc Golf Center - Brewster Ridge,2025  Brewster Blue,18,62,6975,11,11,4,455
97998,763679,26694,Smugglers Notch Disc Golf Center - Brewster Ridge,2025  Brewster Blue,18,62,6975,12,12,3,355
97998,763679,26694,Smugglers Notch Disc Golf Center - Brewster Ridge,2025  Brewster Blue,18,62,6975,13,13,4,440
97998,763679,26694,Smugglers Notch Disc Golf Center - Brewster Ridge,2025  Brewster Blue,18,62,6975,14,14,3,280
97998,763679,26694,Smugglers Notch Disc Golf Center - Brewster Ridge,2025  Brewster Blue,18,62,6975,15,15,3,325
97998,763679,26694,Smugglers Notch Disc Golf Center - Brewster Ridge,2025  Brewster Blue,18,62,6975,16,16,3,300
97998,763679,26694,Smugglers Notch Disc Golf Center - Brewster Ridge,2025  Brewster Blue,18,62,6975,17,17,4,545
97998,763679,26694,Smugglers Notch Disc Golf Center - Brewster Ridge,2025  Brewster Blue,18,62,6975,18,18,3,340
97998,763680,26694,Smugglers Notch Disc Golf Center - Brewster Ridge,2025 Brewster White,18,62,5260,1,1,3,175
97998,763680,26694,Smugglers Notch Disc Golf Center - Brewster Ridge,2025 Brewster White,18,62,5260,2,2,4,340
97998,763680,26694,Smugglers Notch Disc Golf Center - Brewster Ridge,2025 Brewster White,18,62,5260,3,3,3,190
97998,763680,26694,Smugglers Notch Disc Golf Center - Brewster Ridge,2025 Brewster White,18,62,5260,4,4,4,355
97998,763680,26694,Smugglers Notch Disc Golf Center - Brewster Ridge,2025 Brewster White,18,62,5260,5,5,3,245
97998,763680,26694,Smugglers Notch Disc Golf Center - Brewster Ridge,2025 Brewster White,18,62,5260,6,6,3,160
97998,763680,26694,Smugglers Notch Disc Golf Center - Brewster Ridge,2025 Brewster White,18,62,5260,7,7,4,380
97998,763680,26694,Smugglers Notch Disc Golf Center - Brewster Ridge,2025 Brewster White,18,62,5260,8,8,5,575
97998,763680,26694,Smugglers Notch Disc Golf Center - Brewster Ridge,2025 Brewster White,18,62,5260,9,9,3,250
97998,763680,26694,Smugglers Notch Disc Golf Center - Brewster Ridge,2025 Brewster White,18,62,5260,10,10,3,280
97998,763680,26694,Smugglers Notch Disc Golf Center - Brewster Ridge,2025 Brewster White,18,62,5260,11,11,4,340
97998,763680,26694,Smugglers Notch Disc Golf Center - Brewster Ridge,2025 Brewster White,18,62,5260,12,12,3,275
97998,763680,26694,Smugglers Notch Disc Golf Center - Brewster Ridge,2025 Brewster White,18,62,5260,13,13,4,350
97998,763680,26694,Smugglers Notch Disc Golf Center - Brewster Ridge,2025 Brewster White,18,62,5260,14,14,3,210
97998,763680,26694,Smugglers Notch Disc Golf Center - Brewster Ridge,2025 Brewster White,18,62,5260,15,15,3,245
97998,763680,26694,Smugglers Notch Disc Golf Center - Brewster Ridge,2025 Brewster White,18,62,5260,16,16,3,220
97998,763680,26694,Smugglers Notch Disc Golf Center - Brewster Ridge,2025 Brewster White,18,62,5260,17,17,4,415
97998,763680,26694,Smugglers Notch Disc Golf Center - Brewster Ridge,2025 Brewster White,18,62,5260,18,18,3,255
97998,763681,220581,Smugglers Notch Disc Golf Center - Fox Run,2025  Fox Gold,18,63,9600,1,1,4,595
97998,763681,220581,Smugglers Notch Disc Golf Center - Fox Run,2025  Fox Gold,18,63,9600,2,2,3,250
97998,763681,220581,Smugglers Notch Disc Golf Center - Fox Run,2025  Fox Gold,18,63,9600,3,3,3,300
97998,763681,220581,Smugglers Notch Disc Golf Center - Fox Run,2025  Fox Gold,18,63,9600,4,4,4,630
97998,763681,220581,Smugglers Notch Disc Golf Center - Fox Run,2025  Fox Gold,18,63,9600,5,5,3,455
97998,763681,220581,Smugglers Notch Disc Golf Center - Fox Run,2025  Fox Gold,18,63,9600,6,6,3,265
97998,763681,220581,Smugglers Notch Disc Golf Center - Fox Run,2025  Fox Gold,18,63,9600,7,7,5,1295
97998,763681,220581,Smugglers Notch Disc Golf Center - Fox Run,2025  Fox Gold,18,63,9600,8,8,4,745
97998,763681,220581,Smugglers Notch Disc Golf Center - Fox Run,2025  Fox Gold,18,63,9600,9,9,3,480
97998,763681,220581,Smugglers Notch Disc Golf Center - Fox Run,2025  Fox Gold,18,63,9600,10,10,3,315
97998,763681,220581,Smugglers Notch Disc Golf Center - Fox Run,2025  Fox Gold,18,63,9600,11,11,4,595
97998,763681,220581,Smugglers Notch Disc Golf Center - Fox Run,2025  Fox Gold,18,63,9600,12,12,4,730
97998,763681,220581,Smugglers Notch Disc Golf Center - Fox Run,2025  Fox Gold,18,63,9600,13,13,3,405
97998,763681,220581,Smugglers Notch Disc Golf Center - Fox Run,2025  Fox Gold,18,63,9600,14,14,3,345
97998,763681,220581,Smugglers Notch Disc Golf Center - Fox Run,2025  Fox Gold,18,63,9600,15,15,3,320
97998,763681,220581,Smugglers Notch Disc Golf Center - Fox Run,2025  Fox Gold,18,63,9600,16,16,4,710
97998,763681,220581,Smugglers Notch Disc Golf Center - Fox Run,2025  Fox Gold,18,63,9600,17,17,3,390
97998,763681,220581,Smugglers Notch Disc Golf Center - Fox Run,2025  Fox Gold,18,63,9600,18,18,4,775
97998,763683,220581,Smugglers Notch Disc Golf Center - Fox Run,2025  Fox Blue,18,63,8675,1,1,4,595
97998,763683,220581,Smugglers Notch Disc Golf Center - Fox Run,2025  Fox Blue,18,63,8675,2,2,3,250
97998,763683,220581,Smugglers Notch Disc Golf Center - Fox Run,2025  Fox Blue,18,63,8675,3,3,3,300
97998,763683,220581,Smugglers Notch Disc Golf Center - Fox Run,2025  Fox Blue,18,63,8675,4,4,4,475
97998,763683,220581,Smugglers Notch Disc Golf Center - Fox Run,2025  Fox Blue,18,63,8675,5,5,3,455
97998,763683,220581,Smugglers Notch Disc Golf Center - Fox Run,2025  Fox Blue,18,63,8675,6,6,3,265
97998,763683,220581,Smugglers Notch Disc Golf Center - Fox Run,2025  Fox Blue,18,63,8675,7,7,5,1115
97998,763683,220581,Smugglers Notch Disc Golf Center - Fox Run,2025  Fox Blue,18,63,8675,8,8,4,650
97998,763683,220581,Smugglers Notch Disc Golf Center - Fox Run,2025  Fox Blue,18,63,8675,9,9,3,390
97998,763683,220581,Smugglers Notch Disc Golf Center - Fox Run,2025  Fox Blue,18,63,8675,10,10,3,315
97998,763683,220581,Smugglers Notch Disc Golf Center - Fox Run,2025  Fox Blue,18,63,8675,11,11,4,530
97998,763683,220581,Smugglers Notch Disc Golf Center - Fox Run,2025  Fox Blue,18,63,8675,12,12,4,640
97998,763683,220581,Smugglers Notch Disc Golf Center - Fox Run,2025  Fox Blue,18,63,8675,13,13,3,405
97998,763683,220581,Smugglers Notch Disc Golf Center - Fox Run,2025  Fox Blue,18,63,8675,14,14,3,280
97998,763683,220581,Smugglers Notch Disc Golf Center - Fox Run,2025  Fox Blue,18,63,8675,15,15,3,320
97998,763683,220581,Smugglers Notch Disc Golf Center - Fox Run,2025  Fox Blue,18,63,8675,16,16,4,600
97998,763683,220581,Smugglers Notch Disc Golf Center - Fox Run,2025  Fox Blue,18,63,8675,17,17,3,390
97998,763683,220581,Smugglers Notch Disc Golf Center - Fox Run,2025  Fox Blue,18,63,8675,18,18,4,700
97998,763684,220581,Smugglers Notch Disc Golf Center - Fox Run,2025  Fox White,18,63,6440,1,1,4,405
97998,763684,220581,Smugglers Notch Disc Golf Center - Fox Run,2025  Fox White,18,63,6440,2,2,3,175
97998,763684,220581,Smugglers Notch Disc Golf Center - Fox Run,2025  Fox White,18,63,6440,3,3,3,245
97998,763684,220581,Smugglers Notch Disc Golf Center - Fox Run,2025  Fox White,18,63,6440,4,4,4,415
97998,763684,220581,Smugglers Notch Disc Golf Center - Fox Run,2025  Fox White,18,63,6440,5,5,3,360
97998,763684,220581,Smugglers Notch Disc Golf Center - Fox Run,2025  Fox White,18,63,6440,6,6,3,195
97998,763684,220581,Smugglers Notch Disc Golf Center - Fox Run,2025  Fox White,18,63,6440,7,7,5,715
97998,763684,220581,Smugglers Notch Disc Golf Center - Fox Run,2025  Fox White,18,63,6440,8,8,4,565
97998,763684,220581,Smugglers Notch Disc Golf Center - Fox Run,2025  Fox White,18,63,6440,9,9,3,210
97998,763684,220581,Smugglers Notch Disc Golf Center - Fox Run,2025  Fox White,18,63,6440,10,10,3,235
97998,763684,220581,Smugglers Notch Disc Golf Center - Fox Run,2025  Fox White,18,63,6440,11,11,4,425
97998,763684,220581,Smugglers Notch Disc Golf Center - Fox Run,2025  Fox White,18,63,6440,12,12,4,460
97998,763684,220581,Smugglers Notch Disc Golf Center - Fox Run,2025  Fox White,18,63,6440,13,13,3,230
97998,763684,220581,Smugglers Notch Disc Golf Center - Fox Run,2025  Fox White,18,63,6440,14,14,3,225
97998,763684,220581,Smugglers Notch Disc Golf Center - Fox Run,2025  Fox White,18,63,6440,15,15,3,250
97998,763684,220581,Smugglers Notch Disc Golf Center - Fox Run,2025  Fox White,18,63,6440,16,16,4,525
97998,763684,220581,Smugglers Notch Disc Golf Center - Fox Run,2025  Fox White,18,63,6440,17,17,3,295
97998,763684,220581,Smugglers Notch Disc Golf Center - Fox Run,2025  Fox White,18,63,6440,18,18,4,510
98242,761463,,,Default Layout,18,54,,1,1,3,
98242,761463,,,Default Layout,18,54,,2,2,3,
98242,761463,,,Default Layout,18,54,,3,3,3,
98242,761463,,,Default Layout,18,54,,4,4,3,
98242,761463,,,Default Layout,18,54,,5,5,3,
98242,761463,,,Default Layout,18,54,,6,6,3,
98242,761463,,,Default Layout,18,54,,7,7,3,
98242,761463,,,Default Layout,18,54,,8,8,3,
98242,761463,,,Default Layout,18,54,,9,9,3,
98242,761463,,,Default Layout,18,54,,10,10,3,
98242,761463,,,Default Layout,18,54,,11,11,3,
98242,761463,,,Default Layout,18,54,,12,12,3,
98242,761463,,,Default Layout,18,54,,13,13,3,
98242,761463,,,Default Layout,18,54,,14,14,3,
98242,761463,,,Default Layout,18,54,,15,15,3,
98242,761463,,,Default Layout,18,54,,16,16,3,
98242,761463,,,Default Layout,18,54,,17,17,3,
98242,761463,,,Default Layout,18,54,,18,18,3,
98242,767912,26412,Black Falls Disc Golf Course,Gold tee-Gold basket,18,61,7420,1,1,3,421
98242,767912,26412,Black Falls Disc Golf Course,Gold tee-Gold basket,18,61,7420,2,2,3,375
98242,767912,26412,Black Falls Disc Golf Course,Gold tee-Gold basket,18,61,7420,3,3,4,440
98242,767912,26412,Black Falls Disc Golf Course,Gold tee-Gold basket,18,61,7420,4,4,4,600
98242,767912,26412,Black Falls Disc Golf Course,Gold tee-Gold basket,18,61,7420,5,5,4,500
98242,767912,26412,Black Falls Disc Golf Course,Gold tee-Gold basket,18,61,7420,6,6,3,227
98242,767912,26412,Black Falls Disc Golf Course,Gold tee-Gold basket,18,61,7420,7,7,4,590
98242,767912,26412,Black Falls Disc Golf Course,Gold tee-Gold basket,18,61,7420,8,8,4,470
98242,767912,26412,Black Falls Disc Golf Course,Gold tee-Gold basket,18,61,7420,9,9,3,238
98242,767912,26412,Black Falls Disc Golf Course,Gold tee-Gold basket,18,61,7420,10,10,3,250
98242,767912,26412,Black Falls Disc Golf Course,Gold tee-Gold basket,18,61,7420,11,11,4,801
98242,767912,26412,Black Falls Disc Golf Course,Gold tee-Gold basket,18,61,7420,12,12,4,420
98242,767912,26412,Black Falls Disc Golf Course,Gold tee-Gold basket,18,61,7420,13,13,3,300
98242,767912,26412,Black Falls Disc Golf Course,Gold tee-Gold basket,18,61,7420,14,14,3,368
98242,767912,26412,Black Falls Disc Golf Course,Gold tee-Gold basket,18,61,7420,15,15,3,230
98242,767912,26412,Black Falls Disc Golf Course,Gold tee-Gold basket,18,61,7420,16,16,3,385
98242,767912,26412,Black Falls Disc Golf Course,Gold tee-Gold basket,18,61,7420,17,17,3,400
98242,767912,26412,Black Falls Disc Golf Course,Gold tee-Gold basket,18,61,7420,18,18,3,405
98242,767913,26412,Black Falls Disc Golf Course,Silver tee-Gold basket,18,60,6113,1,1,3,311
98242,767913,26412,Black Falls Disc Golf Course,Silver tee-Gold basket,18,60,6113,2,2,3,310
98242,767913,26412,Black Falls Disc Golf Course,Silver tee-Gold basket,18,60,6113,3,3,4,352
98242,767913,26412,Black Falls Disc Golf Course,Silver tee-Gold basket,18,60,6113,4,4,4,490
98242,767913,26412,Black Falls Disc Golf Course,Silver tee-Gold basket,18,60,6113,5,5,4,451
98242,767913,26412,Black Falls Disc Golf Course,Silver tee-Gold basket,18,60,6113,6,6,3,205
98242,767913,26412,Black Falls Disc Golf Course,Silver tee-Gold basket,18,60,6113,7,7,4,537
98242,767913,26412,Black Falls Disc Golf Course,Silver tee-Gold basket,18,60,6113,8,8,4,430
98242,767913,26412,Black Falls Disc Golf Course,Silver tee-Gold basket,18,60,6113,9,9,3,154
98242,767913,26412,Black Falls Disc Golf Course,Silver tee-Gold basket,18,60,6113,10,10,3,169
98242,767913,26412,Black Falls Disc Golf Course,Silver tee-Gold basket,18,60,6113,11,11,4,732
98242,767913,26412,Black Falls Disc Golf Course,Silver tee-Gold basket,18,60,6113,12,12,3,300
98242,767913,26412,Black Falls Disc Golf Course,Silver tee-Gold basket,18,60,6113,13,13,3,259
98242,767913,26412,Black Falls Disc Golf Course,Silver tee-Gold basket,18,60,6113,14,14,3,310
98242,767913,26412,Black Falls Disc Golf Course,Silver tee-Gold basket,18,60,6113,15,15,3,242
98242,767913,26412,Black Falls Disc Golf Course,Silver tee-Gold basket,18,60,6113,16,16,3,222
98242,767913,26412,Black Falls Disc Golf Course,Silver tee-Gold basket,18,60,6113,17,17,3,340
98242,767913,26412,Black Falls Disc Golf Course,Silver tee-Gold basket,18,60,6113,18,18,3,299
98242,767914,26412,Black Falls Disc Golf Course,Silver tee-Silver basket,18,54,3982,1,1,3,325
98242,767914,26412,Black Falls Disc Golf Course,Silver tee-Silver basket,18,54,3982,2,2,3,223
98242,767914,26412,Black Falls Disc Golf Course,Silver tee-Silver basket,18,54,3982,3,3,3,226
98242,767914,26412,Black Falls Disc Golf Course,Silver tee-Silver basket,18,54,3982,4,4,3,205
98242,767914,26412,Black Falls Disc Golf Course,Silver tee-Silver basket,18,54,3982,5,5,3,285
98242,767914,26412,Black Falls Disc Golf Course,Silver tee-Silver basket,18,54,3982,6,6,3,191
98242,767914,26412,Black Falls Disc Golf Course,Silver tee-Silver basket,18,54,3982,7,7,3,270
98242,767914,26412,Black Falls Disc Golf Course,Silver tee-Silver basket,18,54,3982,8,8,3,254
98242,767914,26412,Black Falls Disc Golf Course,Silver tee-Silver basket,18,54,3982,9,9,3,177
98242,767914,26412,Black Falls Disc Golf Course,Silver tee-Silver basket,18,54,3982,10,10,3,151
98242,767914,26412,Black Falls Disc Golf Course,Silver tee-Silver basket,18,54,3982,11,11,3,306
98242,767914,26412,Black Falls Disc Golf Course,Silver tee-Silver basket,18,54,3982,12,12,3,163
98242,767914,26412,Black Falls Disc Golf Course,Silver tee-Silver basket,18,54,3982,13,13,3,159
98242,767914,26412,Black Falls Disc Golf Course,Silver tee-Silver basket,18,54,3982,14,14,3,151
98242,767914,26412,Black Falls Disc Golf Course,Silver tee-Silver basket,18,54,3982,15,15,3,204
98242,767914,26412,Black Falls Disc Golf Course,Silver tee-Silver basket,18,54,3982,16,16,3,193
98242,767914,26412,Black Falls Disc Golf Course,Silver tee-Silver basket,18,54,3982,17,17,3,267
98242,767914,26412,Black Falls Disc Golf Course,Silver tee-Silver basket,18,54,3982,18,18,3,232
98252,766362,,,Default Layout,18,54,,1,1,3,
98252,766362,,,Default Layout,18,54,,2,2,3,
98252,766362,,,Default Layout,18,54,,3,3,3,
98252,766362,,,Default Layout,18,54,,4,4,3,
98252,766362,,,Default Layout,18,54,,5,5,3,
98252,766362,,,Default Layout,18,54,,6,6,3,
98252,766362,,,Default Layout,18,54,,7,7,3,
98252,766362,,,Default Layout,18,54,,8,8,3,
98252,766362,,,Default Layout,18,54,,9,9,3,
98252,766362,,,Default Layout,18,54,,10,10,3,
98252,766362,,,Default Layout,18,54,,11,11,3,
98252,766362,,,Default Layout,18,54,,12,12,3,
98252,766362,,,Default Layout,18,54,,13,13,3,
98252,766362,,,Default Layout,18,54,,14,14,3,
98252,766362,,,Default Layout,18,54,,15,15,3,
98252,766362,,,Default Layout,18,54,,16,16,3,
98252,766362,,,Default Layout,18,54,,17,17,3,
98252,766362,,,Default Layout,18,54,,18,18,3,
98252,771272,273131,North Calais Disc Golf Course,Gold Tees,18,65,7813,1,1,4,473
98252,771272,273131,North Calais Disc Golf Course,Gold Tees,18,65,7813,2,2,4,427
98252,771272,273131,North Calais Disc Golf Course,Gold Tees,18,65,7813,3,3,4,489
98252,771272,273131,North Calais Disc Golf Course,Gold Tees,18,65,7813,4,4,5,962
98252,771272,273131,North Calais Disc Golf Course,Gold Tees,18,65,7813,5,5,3,319
98252,771272,273131,North Calais Disc Golf Course,Gold Tees,18,65,7813,6,6,3,397
98252,771272,273131,North Calais Disc Golf Course,Gold Tees,18,65,7813,7,7,3,255
98252,771272,273131,North Calais Disc Golf Course,Gold Tees,18,65,7813,8,8,3,246
98252,771272,273131,North Calais Disc Golf Course,Gold Tees,18,65,7813,9,9,4,511
98252,771272,273131,North Calais Disc Golf Course,Gold Tees,18,65,7813,10,10,5,675
98252,771272,273131,North Calais Disc Golf Course,Gold Tees,18,65,7813,11,11,4,564
98252,771272,273131,North Calais Disc Golf Course,Gold Tees,18,65,7813,12,12,3,359
98252,771272,273131,North Calais Disc Golf Course,Gold Tees,18,65,7813,13,13,3,268
98252,771272,273131,North Calais Disc Golf Course,Gold Tees,18,65,7813,14,14,4,604
98252,771272,273131,North Calais Disc Golf Course,Gold Tees,18,65,7813,15,15,3,221
98252,771272,273131,North Calais Disc Golf Course,Gold Tees,18,65,7813,16,16,3,250
98252,771272,273131,North Calais Disc Golf Course,Gold Tees,18,65,7813,17,17,3,311
98252,771272,273131,North Calais Disc Golf Course,Gold Tees,18,65,7813,18,18,4,482
98252,771273,273131,North Calais Disc Golf Course,Blue Tees,18,65,6789,1,1,4,406
98252,771273,273131,North Calais Disc Golf Course,Blue Tees,18,65,6789,2,2,4,362
98252,771273,273131,North Calais Disc Golf Course,Blue Tees,18,65,6789,3,3,4,447
98252,771273,273131,North Calais Disc Golf Course,Blue Tees,18,65,6789,4,4,5,795
98252,771273,273131,North Calais Disc Golf Course,Blue Tees,18,65,6789,5,5,3,261
98252,771273,273131,North Calais Disc Golf Course,Blue Tees,18,65,6789,6,6,3,350
98252,771273,273131,North Calais Disc Golf Course,Blue Tees,18,65,6789,7,7,3,255
98252,771273,273131,North Calais Disc Golf Course,Blue Tees,18,65,6789,8,8,3,186
98252,771273,273131,North Calais Disc Golf Course,Blue Tees,18,65,6789,9,9,4,433
98252,771273,273131,North Calais Disc Golf Course,Blue Tees,18,65,6789,10,10,5,607
98252,771273,273131,North Calais Disc Golf Course,Blue Tees,18,65,6789,11,11,4,508
98252,771273,273131,North Calais Disc Golf Course,Blue Tees,18,65,6789,12,12,3,311
98252,771273,273131,North Calais Disc Golf Course,Blue Tees,18,65,6789,13,13,3,268
98252,771273,273131,North Calais Disc Golf Course,Blue Tees,18,65,6789,14,14,4,479
98252,771273,273131,North Calais Disc Golf Course,Blue Tees,18,65,6789,15,15,3,221
98252,771273,273131,North Calais Disc Golf Course,Blue Tees,18,65,6789,16,16,3,205
98252,771273,273131,North Calais Disc Golf Course,Blue Tees,18,65,6789,17,17,3,261
98252,771273,273131,North Calais Disc Golf Course,Blue Tees,18,65,6789,18,18,4,434
98252,771274,273131,North Calais Disc Golf Course,White Tees,18,65,5432,1,1,4,275
98252,771274,273131,North Calais Disc Golf Course,White Tees,18,65,5432,2,2,4,319
98252,771274,273131,North Calais Disc Golf Course,White Tees,18,65,5432,3,3,4,326
98252,771274,273131,North Calais Disc Golf Course,White Tees,18,65,5432,4,4,5,643
98252,771274,273131,North Calais Disc Golf Course,White Tees,18,65,5432,5,5,3,189
98252,771274,273131,North Calais Disc Golf Course,White Tees,18,65,5432,6,6,3,294
98252,771274,273131,North Calais Disc Golf Course,White Tees,18,65,5432,7,7,3,216
98252,771274,273131,North Calais Disc Golf Course,White Tees,18,65,5432,8,8,3,186
98252,771274,273131,North Calais Disc Golf Course,White Tees,18,65,5432,9,9,4,345
98252,771274,273131,North Calais Disc Golf Course,White Tees,18,65,5432,10,10,5,442
98252,771274,273131,North Calais Disc Golf Course,White Tees,18,65,5432,11,11,4,404
98252,771274,273131,North Calais Disc Golf Course,White Tees,18,65,5432,12,12,3,243
98252,771274,273131,North Calais Disc Golf Course,White Tees,18,65,5432,13,13,3,203
98252,771274,273131,North Calais Disc Golf Course,White Tees,18,65,5432,14,14,4,392
98252,771274,273131,North Calais Disc Golf Course,White Tees,18,65,5432,15,15,3,221
98252,771274,273131,North Calais Disc Golf Course,White Tees,18,65,5432,16,16,3,180
98252,771274,273131,North Calais Disc Golf Course,White Tees,18,65,5432,17,17,3,229
98252,771274,273131,North Calais Disc Golf Course,White Tees,18,65,5432,18,18,4,325
98424,768780,,,Default Layout,18,54,,1,1,3,
98424,768780,,,Default Layout,18,54,,2,2,3,
98424,768780,,,Default Layout,18,54,,3,3,3,
98424,768780,,,Default Layout,18,54,,4,4,3,
98424,768780,,,Default Layout,18,54,,5,5,3,
98424,768780,,,Default Layout,18,54,,6,6,3,
98424,768780,,,Default Layout,18,54,,7,7,3,
98424,768780,,,Default Layout,18,54,,8,8,3,
98424,768780,,,Default Layout,18,54,,9,9,3,
98424,768780,,,Default Layout,18,54,,10,10,3,
98424,768780,,,Default Layout,18,54,,11,11,3,
98424,768780,,,Default Layout,18,54,,12,12,3,
98424,768780,,,Default Layout,18,54,,13,13,3,
98424,768780,,,Default Layout,18,54,,14,14,3,
98424,768780,,,Default Layout,18,54,,15,15,3,
98424,768780,,,Default Layout,18,54,,16,16,3,
98424,768780,,,Default Layout,18,54,,17,17,3,
98424,768780,,,Default Layout,18,54,,18,18,3,
98424,773809,307124,The Wildflower DGC,Gold tees,18,64,8001,1,1,4,631
98424,773809,307124,The Wildflower DGC,Gold tees,18,64,8001,2,2,4,589
98424,773809,307124,The Wildflower DGC,Gold tees,18,64,8001,3,3,4,414
98424,773809,307124,The Wildflower DGC,Gold tees,18,64,8001,4,4,3,240
98424,773809,307124,The Wildflower DGC,Gold tees,18,64,8001,5,5,3,388
98424,773809,307124,The Wildflower DGC,Gold tees,18,64,8001,6,6,3,304
98424,773809,307124,The Wildflower DGC,Gold tees,18,64,8001,7,7,4,431
98424,773809,307124,The Wildflower DGC,Gold tees,18,64,8001,8,8,3,263
98424,773809,307124,The Wildflower DGC,Gold tees,18,64,8001,9,9,4,536
98424,773809,307124,The Wildflower DGC,Gold tees,18,64,8001,10,10,3,319
98424,773809,307124,The Wildflower DGC,Gold tees,18,64,8001,11,11,4,441
98424,773809,307124,The Wildflower DGC,Gold tees,18,64,8001,12,12,3,408
98424,773809,307124,The Wildflower DGC,Gold tees,18,64,8001,13,13,4,486
98424,773809,307124,The Wildflower DGC,Gold tees,18,64,8001,14,14,3,373
98424,773809,307124,The Wildflower DGC,Gold tees,18,64,8001,15,15,3,492
98424,773809,307124,The Wildflower DGC,Gold tees,18,64,8001,16,16,3,320
98424,773809,307124,The Wildflower DGC,Gold tees,18,64,8001,17,17,5,775
98424,773809,307124,The Wildflower DGC,Gold tees,18,64,8001,18,18,4,591
98424,773857,307124,The Wildflower DGC,Blue tees,18,65,7054,1,1,4,543
98424,773857,307124,The Wildflower DGC,Blue tees,18,65,7054,2,2,4,465
98424,773857,307124,The Wildflower DGC,Blue tees,18,65,7054,3,3,4,415
98424,773857,307124,The Wildflower DGC,Blue tees,18,65,7054,4,4,3,221
98424,773857,307124,The Wildflower DGC,Blue tees,18,65,7054,5,5,4,388
98424,773857,307124,The Wildflower DGC,Blue tees,18,65,7054,6,6,3,266
98424,773857,307124,The Wildflower DGC,Blue tees,18,65,7054,7,7,4,431
98424,773857,307124,The Wildflower DGC,Blue tees,18,65,7054,8,8,3,263
98424,773857,307124,The Wildflower DGC,Blue tees,18,65,7054,9,9,4,464
98424,773857,307124,The Wildflower DGC,Blue tees,18,65,7054,10,10,3,304
98424,773857,307124,The Wildflower DGC,Blue tees,18,65,7054,11,11,4,379
98424,773857,307124,The Wildflower DGC,Blue tees,18,65,7054,12,12,3,335
98424,773857,307124,The Wildflower DGC,Blue tees,18,65,7054,13,13,4,460
98424,773857,307124,The Wildflower DGC,Blue tees,18,65,7054,14,14,3,328
98424,773857,307124,The Wildflower DGC,Blue tees,18,65,7054,15,15,3,316
98424,773857,307124,The Wildflower DGC,Blue tees,18,65,7054,16,16,3,276
98424,773857,307124,The Wildflower DGC,Blue tees,18,65,7054,17,17,5,776
98424,773857,307124,The Wildflower DGC,Blue tees,18,65,7054,18,18,4,424
98424,773859,307124,The Wildflower DGC,White tees,18,63,5153,1,1,4,391
98424,773859,307124,The Wildflower DGC,White tees,18,63,5153,2,2,3,222
98424,773859,307124,The Wildflower DGC,White tees,18,63,5153,3,3,4,369
98424,773859,307124,The Wildflower DGC,White tees,18,63,5153,4,4,3,220
98424,773859,307124,The Wildflower DGC,White tees,18,63,5153,5,5,3,197
98424,773859,307124,The Wildflower DGC,White tees,18,63,5153,6,6,3,199
98424,773859,307124,The Wildflower DGC,White tees,18,63,5153,7,7,4,349
98424,773859,307124,The Wildflower DGC,White tees,18,63,5153,8,8,3,206
98424,773859,307124,The Wildflower DGC,White tees,18,63,5153,9,9,4,330
98424,773859,307124,The Wildflower DGC,White tees,18,63,5153,10,10,3,222
98424,773859,307124,The Wildflower DGC,White tees,18,63,5153,11,11,4,308
98424,773859,307124,The Wildflower DGC,White tees,18,63,5153,12,12,3,208
98424,773859,307124,The Wildflower DGC,White tees,18,63,5153,13,13,4,293
98424,773859,307124,The Wildflower DGC,White tees,18,63,5153,14,14,3,222
98424,773859,307124,The Wildflower DGC,White tees,18,63,5153,15,15,3,306
98424,773859,307124,The Wildflower DGC,White tees,18,63,5153,16,16,3,191
98424,773859,307124,The Wildflower DGC,White tees,18,63,5153,17,17,5,605
98424,773859,307124,The Wildflower DGC,White tees,18,63,5153,18,18,4,315
98424,773862,307124,The Wildflower DGC,Red tees,18,63,4034,1,1,4,388
98424,773862,307124,The Wildflower DGC,Red tees,18,63,4034,2,2,3,177
98424,773862,307124,The Wildflower DGC,Red tees,18,63,4034,3,3,4,295
98424,773862,307124,The Wildflower DGC,Red tees,18,63,4034,4,4,3,189
98424,773862,307124,The Wildflower DGC,Red tees,18,63,4034,5,5,3,132
98424,773862,307124,The Wildflower DGC,Red tees,18,63,4034,6,6,3,145
98424,773862,307124,The Wildflower DGC,Red tees,18,63,4034,7,7,4,286
98424,773862,307124,The Wildflower DGC,Red tees,18,63,4034,8,8,3,131
98424,773862,307124,The Wildflower DGC,Red tees,18,63,4034,9,9,4,258
98424,773862,307124,The Wildflower DGC,Red tees,18,63,4034,10,10,3,150
98424,773862,307124,The Wildflower DGC,Red tees,18,63,4034,11,11,4,260
98424,773862,307124,The Wildflower DGC,Red tees,18,63,4034,12,12,3,119
98424,773862,307124,The Wildflower DGC,Red tees,18,63,4034,13,13,4,222
98424,773862,307124,The Wildflower DGC,Red tees,18,63,4034,14,14,3,177
98424,773862,307124,The Wildflower DGC,Red tees,18,63,4034,15,15,4,312
98424,773862,307124,The Wildflower DGC,Red tees,18,63,4034,16,16,3,149
98424,773862,307124,The Wildflower DGC,Red tees,18,63,4034,17,17,5,509
98424,773862,307124,The Wildflower DGC,Red tees,18,63,4034,18,18,3,135
98313,776408,308265,Broken Hill DGC,Gold Tees,18,68,8962,1,1,4,587
98313,776408,308265,Broken Hill DGC,Gold Tees,18,68,8962,2,2,4,676
98313,776408,308265,Broken Hill DGC,Gold Tees,18,68,8962,3,3,4,486
98313,776408,308265,Broken Hill DGC,Gold Tees,18,68,8962,4,4,3,279
98313,776408,308265,Broken Hill DGC,Gold Tees,18,68,8962,5,5,5,1014
98313,776408,308265,Broken Hill DGC,Gold Tees,18,68,8962,6,6,3,384
98313,776408,308265,Broken Hill DGC,Gold Tees,18,68,8962,7,7,3,262
98313,776408,308265,Broken Hill DGC,Gold Tees,18,68,8962,8,8,4,407
98313,776408,308265,Broken Hill DGC,Gold Tees,18,68,8962,9,9,4,492
98313,776408,308265,Broken Hill DGC,Gold Tees,18,68,8962,10,10,4,518
98313,776408,308265,Broken Hill DGC,Gold Tees,18,68,8962,11,11,3,240
98313,776408,308265,Broken Hill DGC,Gold Tees,18,68,8962,12,12,3,253
98313,776408,308265,Broken Hill DGC,Gold Tees,18,68,8962,13,13,5,522
98313,776408,308265,Broken Hill DGC,Gold Tees,18,68,8962,14,14,3,289
98313,776408,308265,Broken Hill DGC,Gold Tees,18,68,8962,15,15,4,600
98313,776408,308265,Broken Hill DGC,Gold Tees,18,68,8962,16,16,5,873
98313,776408,308265,Broken Hill DGC,Gold Tees,18,68,8962,17,17,3,361
98313,776408,308265,Broken Hill DGC,Gold Tees,18,68,8962,18,18,4,719
98313,776409,308265,Broken Hill DGC,Blue Tees,18,69,8716,1,1,4,535
98313,776409,308265,Broken Hill DGC,Blue Tees,18,69,8716,2,2,4,617
98313,776409,308265,Broken Hill DGC,Blue Tees,18,69,8716,3,3,4,410
98313,776409,308265,Broken Hill DGC,Blue Tees,18,69,8716,4,4,3,279
98313,776409,308265,Broken Hill DGC,Blue Tees,18,69,8716,5,5,5,1014
98313,776409,308265,Broken Hill DGC,Blue Tees,18,69,8716,6,6,3,384
98313,776409,308265,Broken Hill DGC,Blue Tees,18,69,8716,7,7,3,262
98313,776409,308265,Broken Hill DGC,Blue Tees,18,69,8716,8,8,4,407
98313,776409,308265,Broken Hill DGC,Blue Tees,18,69,8716,9,9,4,492
98313,776409,308265,Broken Hill DGC,Blue Tees,18,69,8716,10,10,4,518
98313,776409,308265,Broken Hill DGC,Blue Tees,18,69,8716,11,11,3,240
98313,776409,308265,Broken Hill DGC,Blue Tees,18,69,8716,12,12,3,253
98313,776409,308265,Broken Hill DGC,Blue Tees,18,69,8716,13,13,5,522
98313,776409,308265,Broken Hill DGC,Blue Tees,18,69,8716,14,14,3,289
98313,776409,308265,Broken Hill DGC,Blue Tees,18,69,8716,15,15,4,600
98313,776409,308265,Broken Hill DGC,Blue Tees,18,69,8716,16,16,5,873
98313,776409,308265,Broken Hill DGC,Blue Tees,18,69,8716,17,17,3,302
98313,776409,308265,Broken Hill DGC,Blue Tees,18,69,8716,18,18,5,719
98313,776410,308265,Broken Hill DGC,White Tees,18,69,6663,1,1,4,469
98313,776410,308265,Broken Hill DGC,White Tees,18,69,6663,2,2,4,472
98313,776410,308265,Broken Hill DGC,White Tees,18,69,6663,3,3,4,285
98313,776410,308265,Broken Hill DGC,White Tees,18,69,6663,4,4,3,217
98313,776410,308265,Broken Hill DGC,White Tees,18,69,6663,5,5,5,860
98313,776410,308265,Broken Hill DGC,White Tees,18,69,6663,6,6,3,230
98313,776410,308265,Broken Hill DGC,White Tees,18,69,6663,7,7,3,203
98313,776410,308265,Broken Hill DGC,White Tees,18,69,6663,8,8,4,308
98313,776410,308265,Broken Hill DGC,White Tees,18,69,6663,9,9,4,440
98313,776410,308265,Broken Hill DGC,White Tees,18,69,6663,10,10,4,410
98313,776410,308265,Broken Hill DGC,White Tees,18,69,6663,11,11,3,171
98313,776410,308265,Broken Hill DGC,White Tees,18,69,6663,12,12,3,184
98313,776410,308265,Broken Hill DGC,White Tees,18,69,6663,13,13,5,377
98313,776410,308265,Broken Hill DGC,White Tees,18,69,6663,14,14,3,236
98313,776410,308265,Broken Hill DGC,White Tees,18,69,6663,15,15,4,430
98313,776410,308265,Broken Hill DGC,White Tees,18,69,6663,16,16,5,577
98313,776410,308265,Broken Hill DGC,White Tees,18,69,6663,17,17,3,253
98313,776410,308265,Broken Hill DGC,White Tees,18,69,6663,18,18,5,541
98254,775168,,,Default Layout,18,54,,1,1,3,
98254,775168,,,Default Layout,18,54,,2,2,3,
98254,775168,,,Default Layout,18,54,,3,3,3,
98254,775168,,,Default Layout,18,54,,4,4,3,
98254,775168,,,Default Layout,18,54,,5,5,3,
98254,775168,,,Default Layout,18,54,,6,6,3,
98254,775168,,,Default Layout,18,54,,7,7,3,
98254,775168,,,Default Layout,18,54,,8,8,3,
98254,775168,,,Default Layout,18,54,,9,9,3,
98254,775168,,,Default Layout,18,54,,10,10,3,
98254,775168,,,Default Layout,18,54,,11,11,3,
98254,775168,,,Default Layout,18,54,,12,12,3,
98254,775168,,,Default Layout,18,54,,13,13,3,
98254,775168,,,Default Layout,18,54,,14,14,3,
98254,775168,,,Default Layout,18,54,,15,15,3,
98254,775168,,,Default Layout,18,54,,16,16,3,
98254,775168,,,Default Layout,18,54,,17,17,3,
98254,775168,,,Default Layout,18,54,,18,18,3,
98254,778928,282866,Cold Hollow Disc Golf Course,Cold Hollow Long Layout,18,59,6433,1,1,3,380
98254,778928,282866,Cold Hollow Disc Golf Course,Cold Hollow Long Layout,18,59,6433,2,2,3,270
98254,778928,282866,Cold Hollow Disc Golf Course,Cold Hollow Long Layout,18,59,6433,3,3,3,333
98254,778928,282866,Cold Hollow Disc Golf Course,Cold Hollow Long Layout,18,59,6433,4,4,3,477
98254,778928,282866,Cold Hollow Disc Golf Course,Cold Hollow Long Layout,18,59,6433,5,5,3,231
98254,778928,282866,Cold Hollow Disc Golf Course,Cold Hollow Long Layout,18,59,6433,6,6,3,248
98254,778928,282866,Cold Hollow Disc Golf Course,Cold Hollow Long Layout,18,59,6433,7,7,4,420
98254,778928,282866,Cold Hollow Disc Golf Course,Cold Hollow Long Layout,18,59,6433,8,8,3,254
98254,778928,282866,Cold Hollow Disc Golf Course,Cold Hollow Long Layout,18,59,6433,9,9,3,381
98254,778928,282866,Cold Hollow Disc Golf Course,Cold Hollow Long Layout,18,59,6433,10,10,3,304
98254,778928,282866,Cold Hollow Disc Golf Course,Cold Hollow Long Layout,18,59,6433,11,11,3,237
98254,778928,282866,Cold Hollow Disc Golf Course,Cold Hollow Long Layout,18,59,6433,12,12,4,647
98254,778928,282866,Cold Hollow Disc Golf Course,Cold Hollow Long Layout,18,59,6433,13,13,3,264
98254,778928,282866,Cold Hollow Disc Golf Course,Cold Hollow Long Layout,18,59,6433,14,14,3,244
98254,778928,282866,Cold Hollow Disc Golf Course,Cold Hollow Long Layout,18,59,6433,15,15,5,666
98254,778928,282866,Cold Hollow Disc Golf Course,Cold Hollow Long Layout,18,59,6433,16,16,3,230
98254,778928,282866,Cold Hollow Disc Golf Course,Cold Hollow Long Layout,18,59,6433,17,17,3,376
98254,778928,282866,Cold Hollow Disc Golf Course,Cold Hollow Long Layout,18,59,6433,18,18,4,471
98254,778929,282866,Cold Hollow Disc Golf Course,Cold Hollow Short Layout,18,59,4169,1,1,3,233
98254,778929,282866,Cold Hollow Disc Golf Course,Cold Hollow Short Layout,18,59,4169,2,2,3,218
98254,778929,282866,Cold Hollow Disc Golf Course,Cold Hollow Short Layout,18,59,4169,3,3,3,265
98254,778929,282866,Cold Hollow Disc Golf Course,Cold Hollow Short Layout,18,59,4169,4,4,3,280
98254,778929,282866,Cold Hollow Disc Golf Course,Cold Hollow Short Layout,18,59,4169,5,5,3,202
98254,778929,282866,Cold Hollow Disc Golf Course,Cold Hollow Short Layout,18,59,4169,6,6,3,161
98254,778929,282866,Cold Hollow Disc Golf Course,Cold Hollow Short Layout,18,59,4169,7,7,4,237
98254,778929,282866,Cold Hollow Disc Golf Course,Cold Hollow Short Layout,18,59,4169,8,8,3,159
98254,778929,282866,Cold Hollow Disc Golf Course,Cold Hollow Short Layout,18,59,4169,9,9,3,239
98254,778929,282866,Cold Hollow Disc Golf Course,Cold Hollow Short Layout,18,59,4169,10,10,3,198
98254,778929,282866,Cold Hollow Disc Golf Course,Cold Hollow Short Layout,18,59,4169,11,11,3,201
98254,778929,282866,Cold Hollow Disc Golf Course,Cold Hollow Short Layout,18,59,4169,12,12,4,348
98254,778929,282866,Cold Hollow Disc Golf Course,Cold Hollow Short Layout,18,59,4169,13,13,3,183
98254,778929,282866,Cold Hollow Disc Golf Course,Cold Hollow Short Layout,18,59,4169,14,14,3,182
98254,778929,282866,Cold Hollow Disc Golf Course,Cold Hollow Short Layout,18,59,4169,15,15,5,401
98254,778929,282866,Cold Hollow Disc Golf Course,Cold Hollow Short Layout,18,59,4169,16,16,3,181
98254,778929,282866,Cold Hollow Disc Golf Course,Cold Hollow Short Layout,18,59,4169,17,17,3,218
98254,778929,282866,Cold Hollow Disc Golf Course,Cold Hollow Short Layout,18,59,4169,18,18,4,263
