season,tour_stop,pdga_event_id,event_name,start_date,end_date,tier,city,pdga_url,note
2019,1,40642,DGVTour #1 Sap Bucket Open,2019-05-11,2019-05-11,C,Waterbury Center,https://www.pdga.com/tour/event/40642,
2019,2,40643,DGVTour #2 Quarries Throwdown,2019-05-25,2019-05-25,C,Barre,https://www.pdga.com/tour/event/40643,
2019,4,41154,DGVTour #4 Black Falls Open,2019-06-22,2019-06-22,B,Montgomery Center,https://www.pdga.com/tour/event/41154,
2019,5,41155,DGVTour #5 Base Camp Open,2019-07-13,2019-07-13,B,Killington,https://www.pdga.com/tour/event/41155,
2019,6,41384,DGVTour #6 Brewster Ridge Open,2019-07-20,2019-07-20,B,Jeffersonville,https://www.pdga.com/tour/event/41384,
2019,7,41156,DGVTour #7 Wrightsville Beach Open,2019-08-17,2019-08-17,C,Middlesex,https://www.pdga.com/tour/event/41156,
2019,9,41157,DGVTour #9 Bolton Valley Vista Beast,2019-09-21,2019-09-21,C,Bolton Valley,https://www.pdga.com/tour/event/41157,
2019,Finals,41158,DGV Tour Finals VT State Championships,2019-10-12,2019-10-12,C,Jay,https://www.pdga.com/tour/event/41158,"named 'DGV Tour', not 'DGVTour'"
2020,2,45898,DGVTour #2 - The BRO,2020-06-13,2020-06-14,B,Jeffersonville,https://www.pdga.com/tour/event/45898,
2020,3,46036,DGVT #3 - Sap Bucket Open XVII,2020-06-27,2020-06-28,C,Waterbury Center,https://www.pdga.com/tour/event/46036,"named 'DGVT', not 'DGVTour'"
2020,4,46247,DGVT #4 Run for the Border,2020-07-11,2020-07-12,B,Montgomery Center,https://www.pdga.com/tour/event/46247,"named 'DGVT', not 'DGVTour'"
2020,5,46474,DGVT #5 Gnomes Challenge XIII,2020-07-25,2020-07-26,C,Randolph,https://www.pdga.com/tour/event/46474,"named 'DGVT', not 'DGVTour'"
2020,6,46697,DGVTour #6 - North Calais Open,2020-08-08,2020-08-09,C,North Calais,https://www.pdga.com/tour/event/46697,
2020,7,46877,DGVT #7 Wrightsville Beach Open,2020-08-22,2020-08-23,C,Middlesex,https://www.pdga.com/tour/event/46877,"named 'DGVT', not 'DGVTour'"
2020,8,47319,DGVT #8 Stone Village Shootout,2020-09-26,2020-09-27,C,Chester,https://www.pdga.com/tour/event/47319,"named 'DGVT', not 'DGVTour'"
2020,9,47320,DGVT #9 Vista Beast Challenge,2020-10-03,2020-10-04,C,Bolton Valley,https://www.pdga.com/tour/event/47320,"named 'DGVT', not 'DGVTour'"
2020,Finals,47321,DGVT Vermont State Championship/Tour Finals,2020-10-17,2020-10-18,C,Killington,https://www.pdga.com/tour/event/47321,"named 'DGVT', not 'DGVTour'"
2021,1,49941,DGVTour #1 South Shire Open,2021-04-24,2021-04-25,C,Bennington,https://www.pdga.com/tour/event/49941,
2021,2,49942,DGVTour #2 Stone Village Shootout + WGE,2021-05-08,2021-05-09,C,Chester,https://www.pdga.com/tour/event/49942,
2021,3,49943,DGVTour #3 Quarries Throwdown,2021-05-22,2021-05-23,C,Websterville,https://www.pdga.com/tour/event/49943,
2021,4,49944,DGVTour #4 Sap Bucket Open XVIII,2021-06-05,2021-06-06,C,Waterbury Center,https://www.pdga.com/tour/event/49944,
2021,5,49945,DGVTour #5 Brewster Ridge Open,2021-06-18,2021-06-20,B,Jeffersonville,https://www.pdga.com/tour/event/49945,
2021,6,49951,DGVTour #6 Gnomes Challenge,2021-07-03,2021-07-04,C,Randolph,https://www.pdga.com/tour/event/49951,
2021,7,49952,DGVTour #7 Run for the Border,2021-07-16,2021-07-18,B,Enosburg Falls & Montgomery,https://www.pdga.com/tour/event/49952,
2021,8,49953,DGVTour #8 Magic Mountain Open,2021-07-31,2021-08-01,B,Londonderry,https://www.pdga.com/tour/event/49953,
2021,9,49954,DGVTour #9 North Calais Open,2021-08-14,2021-08-15,C,North Calais,https://www.pdga.com/tour/event/49954,
2021,10,49955,DGVTour #10 Base Camp Open,2021-08-28,2021-08-29,C,Killington,https://www.pdga.com/tour/event/49955,
2021,11,49956,DGVTour #11 Vista Beast Challenge,2021-09-18,2021-09-19,B,Bolton,https://www.pdga.com/tour/event/49956,
2021,12,49957,DGVTour #12 Rotary Southern Vermont Championship,2021-10-02,2021-10-03,B,Brattleboro,https://www.pdga.com/tour/event/49957,
2021,Finals,49958,DGVTour Finals Vermont State Championship,2021-10-16,2021-10-17,B,Jeffersonville,https://www.pdga.com/tour/event/49958,
2022,1,57217,DGVTour Opener - South Shire Open,2022-04-23,2022-04-24,C,Bennington,https://www.pdga.com/tour/event/57217,
2022,2,57218,DGVTour #2 - Hometown Huck,2022-05-07,2022-05-07,C,Brattleboro,https://www.pdga.com/tour/event/57218,
2022,3,57219,DGVTour #3 - Quarries Throwdown,2022-05-21,2022-05-22,C,Websterville,https://www.pdga.com/tour/event/57219,
2022,4,57221,DGVTour #4 - 20th Annual Sap Bucket Open,2022-06-04,2022-06-05,C,Waterbury Center,https://www.pdga.com/tour/event/57221,
2022,5,55101,Brewster Ridge Open Driven by Innova,2022-06-17,2022-06-19,A,Jeffersonville,https://www.pdga.com/tour/event/55101,no 'DGVTour' in the PDGA name; its Disc Golf Scene link calls it DGVTour #5
2022,6,57225,DGVTour #6 - Gnomes Challenge,2022-07-02,2022-07-03,C,Randolph,https://www.pdga.com/tour/event/57225,
2022,7,57226,DGVTour #7 - Black Falls Open,2022-07-16,2022-07-17,C,Montgomery,https://www.pdga.com/tour/event/57226,
2022,8,57228,DGVTour #8 - Lincoln Peak Open,2022-07-30,2022-07-31,C,Warren,https://www.pdga.com/tour/event/57228,
2022,9,57229,DGVTour #9 - 30th Annual North Calais Open,2022-08-13,2022-08-14,C,North Calais,https://www.pdga.com/tour/event/57229,
2022,10,57230,DGVTour #10 - Magic Mountain Open,2022-08-27,2022-08-28,C,Londonderry,https://www.pdga.com/tour/event/57230,
2022,11,62737,DGVTour #11 Jay Peak Open,2022-09-10,2022-09-10,C,Jay,https://www.pdga.com/tour/event/62737,two events are numbered #11 on the same weekend
2022,11,57231,DGVTour #11 - Vista Beast Challenge,2022-09-10,2022-09-11,C,Bolton,https://www.pdga.com/tour/event/57231,two events are numbered #11 on the same weekend
2022,12,57232,DGVTour #12 - The Hills Are Alive,2022-09-24,2022-09-24,C,Stowe,https://www.pdga.com/tour/event/57232,
2022,13,57233,DGVTour #13 - Cold Hollow Classic,2022-10-01,2022-10-02,C,Enosburg,https://www.pdga.com/tour/event/57233,
2022,Finals,57234,DGVTour Finals - Vermont State Championship,2022-10-15,2022-10-16,C,Jeffersonville,https://www.pdga.com/tour/event/57234,
2023,1,67158,DGVTour Opener - South Shire Shootout,2023-04-29,2023-04-30,C,Bennington,https://www.pdga.com/tour/event/67158,
2023,2,67159,DGVTour #2 - Gnomes Challenge XV,2023-05-13,2023-05-14,C,Randolph,https://www.pdga.com/tour/event/67159,
2023,3,67160,DGVTour #3 - Quarries Throwdown,2023-05-27,2023-05-28,C,Websterville,https://www.pdga.com/tour/event/67160,
2023,4,67161,DGVTour #4 - Sap Bucket Open XXI,2023-06-10,2023-06-11,C,Waterbury Center,https://www.pdga.com/tour/event/67161,
2023,5,67514,DGVTour #5 - Brewster Ridge Open Driven by Innova,2023-06-23,2023-06-25,A,Jeffersonville,https://www.pdga.com/tour/event/67514,
2023,6,67713,DGVTour #6 - Jeezum Crow Jam,2023-07-08,2023-07-09,C,Jay,https://www.pdga.com/tour/event/67713,
2023,7,67796,DGVTour #7 - Black Falls Open,2023-07-22,2023-07-23,B,Montgomery,https://www.pdga.com/tour/event/67796,
2023,8,68282,DGVTour #8 - North Calais Open,2023-09-09,2023-09-10,C,North Calais,https://www.pdga.com/tour/event/68282,search listing shows the same dates as #9; check the date
2023,9,68349,DGVTour #9 - Magic Mountain Open,2023-09-09,2023-09-10,C,Londonderry,https://www.pdga.com/tour/event/68349,search listing shows the same dates as #8; check the date
2023,10,68642,DGVTour #10 - Cold Hollow Classic,2023-09-23,2023-09-24,B,Enosburg,https://www.pdga.com/tour/event/68642,
2023,11,68786,DGVTour #11 - The Hills Are Alive,2023-10-07,2023-10-08,C,Stowe,https://www.pdga.com/tour/event/68786,
2023,Finals,68805,DGVTour Finals - Vermont State Championship,2023-10-21,2023-10-22,C,Jeffersonville,https://www.pdga.com/tour/event/68805,
2024,1,77672,DGVTour #1 - South Shire Shootout,2024-04-27,2024-04-28,C,Bennington,https://www.pdga.com/tour/event/77672,
2024,2,77674,DGVTour #2 - Gnomes Challenge XVI,2024-05-11,2024-05-12,C,Randolph,https://www.pdga.com/tour/event/77674,
2024,3,77909,DGVTour #3 - Quarries Throwdown,2024-05-25,2024-05-26,B,Websterville,https://www.pdga.com/tour/event/77909,
2024,4,77695,DGVTour #4 - Sap Bucket Open XXII,2024-06-08,2024-06-09,C,Waterbury Center,https://www.pdga.com/tour/event/77695,
2024,5,76286,DGVTour #5 - Brewster Ridge Open,2024-06-21,2024-06-23,A,Jeffersonville,https://www.pdga.com/tour/event/76286,
2024,6,78661,DGVTour #6 - Sugarbush Huk,2024-07-07,2024-07-07,C,Warren,https://www.pdga.com/tour/event/78661,
2024,7,78807,DGVTour #7 - Jeezum Crow Jam,2024-07-20,2024-07-21,C,Jay,https://www.pdga.com/tour/event/78807,
2024,8,78862,DGVTour #8 - North Calais Open,2024-08-10,2024-08-11,C,North Calais,https://www.pdga.com/tour/event/78862,
2024,9,78961,DGVTour #9 - Black Falls Open,2024-08-24,2024-08-25,B,Montgomery,https://www.pdga.com/tour/event/78961,
2024,10,79122,DGVTour #10 - Pittsford Fling,2024-09-07,2024-09-08,C,Pittsford,https://www.pdga.com/tour/event/79122,
2024,11,79898,DGVTour #11 - Cold Hollow Classic,2024-09-28,2024-09-29,B,Enosburg,https://www.pdga.com/tour/event/79898,
2024,Finals,79942,DGVTour Finals - Vermont State Championship,2024-10-12,2024-10-13,B,Jeffersonville,https://www.pdga.com/tour/event/79942,
2025,1,87899,DGVTour #1 - South Shire Shootout,2025-04-26,2025-04-27,C,Bennington,https://www.pdga.com/tour/event/87899,
2025,2,87900,DGVTour #2 - Gnomes Challenge XVII,2025-05-10,2025-05-11,C,Randolph,https://www.pdga.com/tour/event/87900,
2025,3,88027,DGVTour #3 - Quarries Throwdown,2025-05-24,2025-05-25,B,Websterville,https://www.pdga.com/tour/event/88027,
2025,4,88189,DGVTour #4 - Battle of Pittsford,2025-06-07,2025-06-08,C,Pittsford,https://www.pdga.com/tour/event/88189,
2025,5,86523,DGVTour #5 - Brewster Ridge Open,2025-06-20,2025-06-22,A,Jeffersonville,https://www.pdga.com/tour/event/86523,
2025,6,88944,DGVTour #6 - Black Falls Open,2025-07-12,2025-07-13,B,Montgomery,https://www.pdga.com/tour/event/88944,
2025,7,90019,DGVTour #7 - Lincoln Peak Open,2025-07-27,2025-07-27,C,Warren,https://www.pdga.com/tour/event/90019,
2025,8,90283,DGVTour #8 - North Calais Open,2025-08-09,2025-08-10,C,North Calais,https://www.pdga.com/tour/event/90283,
2025,9,90932,DGVTour #9 - Sap Bucket Open XXIII,2025-08-23,2025-08-24,C,Waterbury Center,https://www.pdga.com/tour/event/90932,
2025,10,91169,DGVTour #10 - Horace Hill Huck,2025-09-06,2025-09-06,C,West Dover,https://www.pdga.com/tour/event/91169,
2025,11,91399,DGVTour #11 - Cold Hollow Classic,2025-09-27,2025-09-28,B,Enosburg,https://www.pdga.com/tour/event/91399,
2025,Finals,91411,DGVTour Finals - Vermont State Championship,2025-10-11,2025-10-12,B,Jeffersonville,https://www.pdga.com/tour/event/91411,
2026,1,98155,DGVTour #1 - South Shire Shootout,2026-04-18,2026-04-19,C,Bennington,https://www.pdga.com/tour/event/98155,
2026,2,98157,DGVTour #2 - Battle of Pittsford,2026-04-26,2026-04-26,C,Pittsford,https://www.pdga.com/tour/event/98157,
2026,3,98161,DGVTour #3 - Gnomes Challenge,2026-05-09,2026-05-10,C,Randolph,https://www.pdga.com/tour/event/98161,
2026,4,98162,DGVTour #4 - Quarries Throwdown + WGE,2026-05-23,2026-05-24,B,Websterville,https://www.pdga.com/tour/event/98162,
2026,5,98220,DGVTour #5 - Sap Bucket Open,2026-06-06,2026-06-07,C,Waterbury,https://www.pdga.com/tour/event/98220,
2026,6,97998,DGVTour #6 - Brewster Ridge Open Driven by Innova - DGPT Q-Series,2026-06-19,2026-06-21,A,Jeffersonville,https://www.pdga.com/tour/event/97998,
2026,7,98242,DGVTour #7 - Black Falls Open,2026-07-11,2026-07-12,B,Montgomery,https://www.pdga.com/tour/event/98242,
2026,8,98252,DGVTour #8 - North Calais Open,2026-08-08,2026-08-09,C,North Calais,https://www.pdga.com/tour/event/98252,
2026,9,98424,DGVTour #9 - Kingdom Open,2026-08-22,2026-08-23,B,Lyndonville,https://www.pdga.com/tour/event/98424,
2026,10,98313,DGVTour #10 - Capital City Cup,2026-09-05,2026-09-06,B,Montpelier,https://www.pdga.com/tour/event/98313,
2026,11,98254,DGVTour #11 - Cold Hollow Classic,2026-09-26,2026-09-27,B,Enosburg,https://www.pdga.com/tour/event/98254,
2026,Finals,98262,DGVTour Finals - Vermont State Championship,2026-10-10,2026-10-11,B,Jeffersonville,https://www.pdga.com/tour/event/98262,not played yet
